id,first_name,last_name,email,gender,ip_address
1,Giraldo,Trees,gtrees0@reverbnation.com,Male,145.143.75.35
2,Yuma,Minogue,yminogue1@cdbaby.com,Male,216.171.4.57
3,Doralynne,Camsey,dcamsey2@nba.com,Female,114.145.78.130
4,Reynolds,Jakeman,rjakeman3@jiathis.com,Male,68.149.41.213
5,Grace,Faltin,gfaltin4@mayoclinic.com,Female,120.93.137.88
6,Kiah,Minshull,kminshull5@usgs.gov,Female,139.240.40.127
7,Dallis,Gatheridge,dgatheridge6@deviantart.com,Male,187.17.196.187
8,Donnell,Newbury,dnewbury7@wiley.com,Male,86.76.160.204
9,Sinclair,Linforth,slinforth8@ucoz.ru,Male,55.150.16.39
10,Lonnie,Giacobazzi,lgiacobazzi9@elpais.com,Female,84.237.129.31
11,Lucita,Delacote,ldelacotea@adobe.com,Female,45.39.168.240
12,Moyna,Keast,mkeastb@ca.gov,Female,205.20.221.125
13,Tull,Salvin,tsalvinc@aol.com,Genderqueer,21.191.142.108
14,Lanie,Cantos,lcantosd@360.cn,Male,71.157.215.24
15,Morris,Braney,mbraneye@slate.com,Genderqueer,194.152.57.107
16,Windham,Pywell,wpywellf@hostgator.com,Male,252.230.103.52
17,Baily,Toppas,btoppasg@seesaa.net,Male,57.158.79.102
18,Wake,Spandley,wspandleyh@networkadvertising.org,Male,4.71.45.48
19,Kora,Sharville,ksharvillei@gnu.org,Female,175.216.130.241
20,Ferdie,De Antoni,fdeantonij@ucsd.edu,Male,197.152.231.211
21,Matias,Macklam,mmacklamk@wikispaces.com,Male,114.49.172.148
22,Petr,Maciejak,pmaciejakl@statcounter.com,Male,189.202.110.251
23,Lea,Moodycliffe,lmoodycliffem@timesonline.co.uk,Female,17.246.94.50
24,Tiphany,Gundry,tgundryn@businessweek.com,Female,146.115.4.45
25,Darcie,Free,dfreeo@wikia.com,Agender,27.57.235.88
26,Jarrad,Schwandt,jschwandtp@dmoz.org,Male,197.218.214.171
27,Rutger,Menault,rmenaultq@sitemeter.com,Male,214.146.86.162
28,Hildegarde,Dufall,hdufallr@bbc.co.uk,Genderqueer,250.35.169.82
29,Ardenia,Roaf,aroafs@mapy.cz,Female,14.26.122.246
30,Jude,Ritmeyer,jritmeyert@vistaprint.com,Agender,199.241.151.41
31,Lewes,Eck,lecku@earthlink.net,Male,54.215.10.223
32,Galvin,Abatelli,gabatelliv@xrea.com,Male,64.20.234.92
33,Concordia,Wheal,cwhealw@reuters.com,Female,209.225.228.86
34,Rhodia,Geaves,rgeavesx@weibo.com,Female,40.37.119.152
35,Adelina,Muckersie,amuckersiey@spiegel.de,Female,163.172.133.209
36,Hilly,De Caville,hdecavillez@wix.com,Male,149.232.239.203
37,Gus,Grimley,ggrimley10@nsw.gov.au,Male,232.231.52.11
38,Nolie,Shellshear,nshellshear11@microsoft.com,Female,199.98.139.101
39,Everett,Kerman,ekerman12@dropbox.com,Male,9.147.14.217
40,Kamila,Buff,kbuff13@thetimes.co.uk,Female,90.230.87.23
41,Colby,Plover,cplover14@pbs.org,Male,118.93.230.129
42,Wylma,Roskell,wroskell15@mit.edu,Female,244.164.42.218
43,Kate,Kinavan,kkinavan16@sphinn.com,Female,6.236.141.98
44,Dani,Mates,dmates17@cnbc.com,Female,21.158.202.15
45,Hillary,Fynn,hfynn18@washingtonpost.com,Genderqueer,242.79.101.60
46,Keeley,Scatchar,kscatchar19@goo.gl,Female,39.173.174.5
47,Marcille,O'Donnelly,modonnelly1a@umich.edu,Female,86.52.72.205
48,Blisse,Alibone,balibone1b@nymag.com,Female,64.144.240.232
49,Didi,Keefe,dkeefe1c@diigo.com,Agender,96.201.2.111
50,Caldwell,Verrillo,cverrillo1d@homestead.com,Bigender,243.184.232.144
51,Kerwinn,Humblestone,khumblestone1e@cpanel.net,Male,40.2.18.211
52,Wendell,Mattiazzo,wmattiazzo1f@dell.com,Male,111.169.126.76
53,Nikki,McIlroy,nmcilroy1g@tinyurl.com,Male,188.207.65.126
54,Charles,Murdoch,cmurdoch1h@vkontakte.ru,Male,114.147.251.71
55,Fleurette,Jorat,fjorat1i@sitemeter.com,Female,248.229.98.61
56,Haven,Alesio,halesio1j@mtv.com,Male,62.247.238.128
57,Thorndike,Losty,tlosty1k@quantcast.com,Male,69.98.99.121
58,Gilberto,Mellem,gmellem1l@cam.ac.uk,Male,54.154.1.248
59,Malvin,Ciccone,mciccone1m@photobucket.com,Male,148.46.64.6
60,Jan,Simmill,jsimmill1n@newsvine.com,Male,251.101.151.219
61,Tobin,Cominetti,tcominetti1o@icio.us,Male,105.153.192.223
62,Linc,Gwyn,lgwyn1p@typepad.com,Male,188.48.192.9
63,Kimberli,Sawforde,ksawforde1q@loc.gov,Non-binary,104.211.196.167
64,Bobbette,Afonso,bafonso1r@theglobeandmail.com,Female,8.23.158.218
65,Haleigh,Kenwrick,hkenwrick1s@deviantart.com,Male,16.86.52.18
66,Arliene,Auchterlonie,aauchterlonie1t@amazon.co.jp,Female,61.144.206.123
67,Erin,Janouch,ejanouch1u@wordpress.org,Male,1.154.214.208
68,Bennie,Jentzsch,bjentzsch1v@mysql.com,Female,35.64.223.7
69,Page,Boyan,pboyan1w@mozilla.com,Female,19.60.44.187
70,Sunshine,Chewter,schewter1x@facebook.com,Female,205.105.194.246
71,Ysabel,McLarens,ymclarens1y@theatlantic.com,Female,67.52.105.48
72,Rabi,Fawdrie,rfawdrie1z@issuu.com,Male,176.235.96.67
73,Jonathan,Renowden,jrenowden20@spotify.com,Male,148.106.105.110
74,Adrien,Cockayme,acockayme21@chronoengine.com,Male,60.167.109.38
75,Annabell,Dabney,adabney22@msn.com,Female,9.74.17.18
76,Nobie,Gorrick,ngorrick23@digg.com,Male,116.20.21.213
77,Elvin,Raynham,eraynham24@illinois.edu,Male,48.13.125.238
78,Jyoti,Rengger,jrengger25@t-online.de,Female,24.203.235.121
79,Gael,Ortell,gortell26@apple.com,Female,52.30.50.145
80,Cece,O'Mohun,comohun27@themeforest.net,Male,100.108.43.46
81,Cal,Chimenti,cchimenti28@hhs.gov,Female,184.238.49.98
82,Roanne,Summersby,rsummersby29@springer.com,Female,131.134.64.119
83,Tiebold,Arnowitz,tarnowitz2a@cpanel.net,Male,165.141.210.135
84,Caldwell,Lindborg,clindborg2b@geocities.jp,Male,126.111.70.137
85,Haskell,Munton,hmunton2c@time.com,Male,27.30.252.107
86,Tad,Brambill,tbrambill2d@thetimes.co.uk,Male,180.159.81.186
87,Emelda,Atthowe,eatthowe2e@ftc.gov,Female,194.10.215.101
88,Aleta,Duggan,aduggan2f@multiply.com,Female,167.126.188.188
89,Corri,Mandy,cmandy2g@gov.uk,Female,72.187.128.99
90,Ash,Kinane,akinane2h@flickr.com,Male,75.19.252.48
91,Zebadiah,Fransman,zfransman2i@eepurl.com,Male,244.172.101.75
92,Hermon,Reide,hreide2j@canalblog.com,Male,177.215.245.137
93,Teresina,Fenney,tfenney2k@csmonitor.com,Female,97.218.235.135
94,Gaston,Tytcomb,gtytcomb2l@canalblog.com,Male,97.2.44.13
95,Hugibert,Lawrinson,hlawrinson2m@istockphoto.com,Male,49.224.21.131
96,Verna,Matthews,vmatthews2n@pagesperso-orange.fr,Female,204.137.96.149
97,Don,Stonham,dstonham2o@timesonline.co.uk,Male,207.154.53.25
98,Kendra,Konzelmann,kkonzelmann2p@amazon.co.jp,Female,164.7.29.184
99,Melessa,Kleiner,mkleiner2q@ca.gov,Female,136.2.6.221
100,Sawyer,Coate,scoate2r@hugedomains.com,Male,197.235.231.211
101,Clare,Scrafton,cscrafton2s@unesco.org,Male,107.225.227.135
102,Candra,Shervil,cshervil2t@cloudflare.com,Female,5.109.230.113
103,Cissy,Gaitung,cgaitung2u@google.com,Female,151.234.129.145
104,Lisha,Bassil,lbassil2v@constantcontact.com,Female,235.238.144.240
105,Sammy,Blumer,sblumer2w@tumblr.com,Female,120.97.116.126
106,Lockwood,Rue,lrue2x@dot.gov,Male,201.163.172.18
107,Sebastiano,Thomton,sthomton2y@tinyurl.com,Male,100.62.92.254
108,Ahmed,Takkos,atakkos2z@amazon.de,Male,101.89.10.12
109,Gregory,Dowears,gdowears30@opera.com,Male,152.248.102.43
110,Verna,Greenley,vgreenley31@nyu.edu,Non-binary,41.81.106.180
111,Wesley,Stitwell,wstitwell32@prlog.org,Male,138.93.53.2
112,Ogden,Bagot,obagot33@chron.com,Male,110.219.157.111
113,Leonard,Bruyet,lbruyet34@sfgate.com,Male,102.143.67.232
114,Abra,Gawthrop,agawthrop35@hc360.com,Female,114.50.248.169
115,Krisha,Yancey,kyancey36@slideshare.net,Male,32.69.204.90
116,Darius,Sarten,dsarten37@elegantthemes.com,Male,114.21.151.98
117,Griswold,Cawdron,gcawdron38@arstechnica.com,Male,161.220.239.5
118,Charmain,Geering,cgeering39@umich.edu,Female,237.170.149.236
119,Lydie,Bourthoumieux,lbourthoumieux3a@weather.com,Genderqueer,0.160.95.148
120,Marlo,Rollingson,mrollingson3b@dell.com,Male,161.163.228.64
121,Dugald,Haythorn,dhaythorn3c@foxnews.com,Male,239.119.187.29
122,Katharina,Kenneford,kkenneford3d@house.gov,Female,94.127.192.15
123,Berny,Arp,barp3e@narod.ru,Female,105.147.70.2
124,Kyle,Halversen,khalversen3f@google.com,Female,37.189.156.205
125,Melosa,O'Corhane,mocorhane3g@smugmug.com,Female,93.0.224.164
126,Denice,Rowlin,drowlin3h@purevolume.com,Female,214.194.168.101
127,Alanah,Gillyett,agillyett3i@rambler.ru,Female,163.21.11.176
128,Jerrilyn,Potts,jpotts3j@pinterest.com,Female,180.28.50.25
129,Harlene,Camillo,hcamillo3k@360.cn,Female,139.222.14.141
130,Giacinta,Scourfield,gscourfield3l@umn.edu,Female,230.192.242.233
131,Berti,Belamy,bbelamy3m@dmoz.org,Female,37.69.44.32
132,Timothee,Drysdale,tdrysdale3n@elpais.com,Male,15.55.132.118
133,Misti,Ridehalgh,mridehalgh3o@mtv.com,Female,140.68.253.122
134,Rani,Ashness,rashness3p@cyberchimps.com,Female,75.94.194.98
135,Ianthe,Pulbrook,ipulbrook3q@weather.com,Female,36.231.34.214
136,Ronnica,Hallawell,rhallawell3r@china.com.cn,Genderqueer,56.82.6.32
137,Darby,Skelhorn,dskelhorn3s@yale.edu,Female,173.75.165.120
138,Valaria,Klimczak,vklimczak3t@spotify.com,Female,217.234.83.93
139,Kevyn,Meadows,kmeadows3u@gravatar.com,Female,46.235.18.189
140,Darb,Chase,dchase3v@google.it,Female,31.24.5.70
141,Rosabel,Bothams,rbothams3w@github.com,Female,92.24.252.252
142,Doralynn,Traynor,dtraynor3x@mysql.com,Female,196.165.88.91
143,Lilllie,Beernaert,lbeernaert3y@blogtalkradio.com,Female,41.38.153.225
144,Lionel,Zimmermanns,lzimmermanns3z@amazon.de,Male,212.81.12.220
145,Merle,Lapthorn,mlapthorn40@sun.com,Male,36.79.22.138
146,Herbie,Cicco,hcicco41@princeton.edu,Male,177.14.126.224
147,Barrett,Dykas,bdykas42@earthlink.net,Male,209.117.13.144
148,Orsa,Medlen,omedlen43@webeden.co.uk,Female,86.60.147.246
149,Giffard,Panter,gpanter44@edublogs.org,Male,213.53.18.148
150,Dennie,Shurey,dshurey45@webmd.com,Male,99.254.205.251
151,Helaina,Vynall,hvynall46@mac.com,Female,181.92.225.209
152,Basia,Dearl,bdearl47@fc2.com,Female,41.202.235.59
153,Janetta,Lagen,jlagen48@nbcnews.com,Female,247.61.38.190
154,Otto,Colvill,ocolvill49@uol.com.br,Male,120.52.171.217
155,Melosa,Elderbrant,melderbrant4a@discovery.com,Female,19.216.209.154
156,Rafaelia,Snookes,rsnookes4b@surveymonkey.com,Female,108.23.44.3
157,Tome,Dunstall,tdunstall4c@umich.edu,Male,246.59.145.119
158,Thia,Forsyth,tforsyth4d@technorati.com,Female,23.160.7.228
159,Gibb,Colgan,gcolgan4e@economist.com,Male,4.97.47.106
160,Lefty,Mattacks,lmattacks4f@yandex.ru,Male,201.136.29.76
161,Christian,Toplin,ctoplin4g@auda.org.au,Female,122.243.98.227
162,Paxton,Pruvost,ppruvost4h@diigo.com,Male,101.240.79.155
163,Ambrosio,Meadowcroft,ameadowcroft4i@sina.com.cn,Male,162.93.151.120
164,Darrin,Jenicke,djenicke4j@wsj.com,Male,116.23.134.216
165,Giorgia,Whitney,gwhitney4k@gravatar.com,Female,83.234.139.115
166,Glynn,Seacombe,gseacombe4l@spotify.com,Male,123.58.45.58
167,Lowrance,Clarycott,lclarycott4m@homestead.com,Male,194.180.49.43
168,Norean,Hacquel,nhacquel4n@woothemes.com,Female,178.114.136.187
169,Shane,Gingle,sgingle4o@photobucket.com,Bigender,72.238.4.202
170,Julee,Rudderham,jrudderham4p@cbsnews.com,Female,249.218.204.212
171,Wilmar,Trahair,wtrahair4q@lycos.com,Male,86.235.159.95
172,Donnie,Tunnoch,dtunnoch4r@woothemes.com,Male,30.157.107.209
173,Ronda,Caghan,rcaghan4s@hud.gov,Female,100.204.104.165
174,Yanaton,Winear,ywinear4t@webeden.co.uk,Male,123.173.0.98
175,Rosette,Rustedge,rrustedge4u@thetimes.co.uk,Female,188.22.163.137
176,Marvin,Fusedale,mfusedale4v@phpbb.com,Male,3.172.2.100
177,Quill,Cavanaugh,qcavanaugh4w@xing.com,Male,192.227.6.73
178,Sileas,Judron,sjudron4x@networksolutions.com,Female,111.169.43.175
179,Kattie,Coton,kcoton4y@cnbc.com,Polygender,235.47.189.204
180,Riannon,Feldharker,rfeldharker4z@telegraph.co.uk,Bigender,138.180.199.174
181,Dione,Silverthorn,dsilverthorn50@amazon.co.jp,Female,104.68.21.119
182,Veriee,Vellender,vvellender51@icq.com,Female,85.205.72.48
183,Fowler,Vivash,fvivash52@latimes.com,Male,138.0.229.85
184,Annecorinne,Sidebotham,asidebotham53@biblegateway.com,Female,53.111.213.123
185,Sol,Hewes,shewes54@nature.com,Male,19.19.146.31
186,Irina,Downgate,idowngate55@nydailynews.com,Female,150.243.51.107
187,Martin,Wooffinden,mwooffinden56@hao123.com,Male,151.84.207.9
188,Robert,Malia,rmalia57@va.gov,Male,174.218.168.91
189,Eadith,Krol,ekrol58@theglobeandmail.com,Female,12.38.253.184
190,Ruben,Cardew,rcardew59@hibu.com,Male,184.214.129.65
191,Vere,Bubeer,vbubeer5a@jiathis.com,Female,159.255.12.29
192,Zandra,des Remedios,zdesremedios5b@google.it,Female,225.230.53.59
193,Evelin,Pearmain,epearmain5c@technorati.com,Male,8.120.102.14
194,Ryley,Sunman,rsunman5d@de.vu,Male,9.7.99.246
195,Mirna,Goard,mgoard5e@slideshare.net,Female,53.186.224.176
196,Fay,Duffield,fduffield5f@tinyurl.com,Female,172.183.59.210
197,Berky,Lashmar,blashmar5g@epa.gov,Male,212.186.3.2
198,Sherlock,Goodbanne,sgoodbanne5h@canalblog.com,Genderqueer,147.220.5.247
199,Julianna,Domengue,jdomengue5i@usatoday.com,Female,77.240.182.212
200,Miles,Bentson,mbentson5j@devhub.com,Male,99.37.241.108
201,Stanislaw,Begley,sbegley5k@stumbleupon.com,Male,60.13.238.44
202,Bertram,De Miranda,bdemiranda5l@slideshare.net,Male,175.12.127.74
203,Jacquette,Iacovides,jiacovides5m@canalblog.com,Female,150.72.14.254
204,Mirna,Costanza,mcostanza5n@google.it,Female,116.123.205.87
205,Clifford,Pinock,cpinock5o@ca.gov,Male,248.165.86.75
206,Joni,Ower,jower5p@yandex.ru,Female,77.26.10.10
207,Avrit,Genny,agenny5q@youtu.be,Female,66.171.72.169
208,Rolph,Bossons,rbossons5r@squidoo.com,Male,79.193.11.9
209,Sybille,Stapels,sstapels5s@lycos.com,Female,11.118.11.90
210,Malynda,Nealy,mnealy5t@sciencedaily.com,Female,165.129.55.96
211,Eartha,Bonn,ebonn5u@purevolume.com,Female,79.220.254.71
212,Lawton,Playfair,lplayfair5v@chicagotribune.com,Non-binary,124.122.53.14
213,Carin,Cuttler,ccuttler5w@boston.com,Female,74.77.218.153
214,Antonietta,Longridge,alongridge5x@yandex.ru,Female,9.178.88.191
215,Ebenezer,Eberlein,eeberlein5y@woothemes.com,Male,85.119.224.222
216,Kevyn,Jados,kjados5z@princeton.edu,Female,46.36.115.98
217,Ethelbert,Keirl,ekeirl60@nifty.com,Male,19.85.153.151
218,Michelle,Ritchley,mritchley61@cam.ac.uk,Female,46.133.69.187
219,Patin,Senechell,psenechell62@businessweek.com,Male,217.239.22.23
220,Meade,Revitt,mrevitt63@yandex.ru,Male,155.137.44.36
221,Brigg,Feye,bfeye64@google.com.br,Male,108.190.17.20
222,Burt,Pidler,bpidler65@cbslocal.com,Male,43.127.89.179
223,Kristien,Greening,kgreening66@hibu.com,Female,217.255.138.218
224,Chere,Yuill,cyuill67@xing.com,Female,176.203.209.186
225,Tanner,Strongitharm,tstrongitharm68@typepad.com,Male,88.103.144.153
226,Lonni,Mehew,lmehew69@wiley.com,Female,88.128.81.224
227,Man,Mence,mmence6a@artisteer.com,Male,91.190.162.22
228,Obadias,MacConneely,omacconneely6b@scientificamerican.com,Male,113.135.197.51
229,Norrie,Slidders,nslidders6c@engadget.com,Female,188.86.237.33
230,Marlowe,Le Leu,mleleu6d@dailymotion.com,Male,198.41.2.91
231,Andrus,Vogl,avogl6e@google.ca,Male,209.183.43.86
232,Sheba,MacManus,smacmanus6f@microsoft.com,Bigender,160.59.200.171
233,Sella,Legonidec,slegonidec6g@people.com.cn,Female,141.175.35.230
234,Trace,Ghidoli,tghidoli6h@wordpress.org,Male,242.34.109.246
235,Tomasine,Leighfield,tleighfield6i@goo.gl,Female,100.27.182.200
236,Trudi,Kroger,tkroger6j@cocolog-nifty.com,Female,39.248.197.34
237,Tiena,Sheach,tsheach6k@tinypic.com,Female,104.38.250.28
238,Timoteo,McLae,tmclae6l@gmpg.org,Male,27.202.113.2
239,Kimberlee,Geeson,kgeeson6m@shinystat.com,Female,148.23.148.48
240,Jarrod,Rosenthaler,jrosenthaler6n@ow.ly,Male,112.176.221.80
241,Kerrie,Northcote,knorthcote6o@taobao.com,Female,185.68.124.10
242,Thayne,Innott,tinnott6p@omniture.com,Male,170.75.246.3
243,Miran,Hanby,mhanby6q@meetup.com,Female,215.79.151.143
244,Nikki,Ollerhead,nollerhead6r@springer.com,Male,204.190.11.8
245,Rafferty,Rawls,rrawls6s@usa.gov,Male,45.153.212.241
246,Laney,Tod,ltod6t@google.nl,Non-binary,101.66.100.205
247,Jay,Darwent,jdarwent6u@edublogs.org,Male,94.90.136.198
248,Charla,Philliphs,cphilliphs6v@psu.edu,Female,44.18.111.195
249,Nicol,Giroldi,ngiroldi6w@mysql.com,Male,101.13.192.118
250,Gene,Imlin,gimlin6x@rakuten.co.jp,Female,115.6.166.228
251,Conant,Le - Count,clecount6y@1688.com,Male,40.17.153.37
252,Chelsie,Dawidowsky,cdawidowsky6z@google.com.hk,Female,192.204.169.89
253,Herold,Ormes,hormes70@toplist.cz,Agender,189.187.152.169
254,Kalila,Tweedy,ktweedy71@newsvine.com,Female,127.241.244.17
255,Joseph,Mowles,jmowles72@who.int,Male,136.95.237.69
256,Harlin,Shulver,hshulver73@wufoo.com,Male,193.193.108.179
257,Moishe,Greenough,mgreenough74@e-recht24.de,Male,30.165.81.16
258,Issy,Dykins,idykins75@amazon.co.uk,Genderqueer,117.51.236.248
259,Elwin,Slinn,eslinn76@mtv.com,Male,208.225.6.95
260,Fara,Abazi,fabazi77@sohu.com,Female,59.58.9.15
261,Douglass,Woodlands,dwoodlands78@msu.edu,Male,221.85.175.1
262,Olivette,Routledge,oroutledge79@gov.uk,Female,253.92.220.130
263,Burnaby,Urrey,burrey7a@live.com,Male,149.156.134.117
264,Bryna,Wrenn,bwrenn7b@free.fr,Female,171.117.180.9
265,Son,Marian,smarian7c@vinaora.com,Male,24.150.78.181
266,Ed,Keirle,ekeirle7d@examiner.com,Male,62.145.248.28
267,Killian,Bratch,kbratch7e@pbs.org,Male,165.17.206.235
268,Mommy,Bythell,mbythell7f@europa.eu,Female,159.129.246.108
269,Sky,Rentz,srentz7g@psu.edu,Male,215.230.105.0
270,Aurea,Sultana,asultana7h@sogou.com,Female,150.173.111.177
271,Anallese,Tongs,atongs7i@google.pl,Female,160.195.237.60
272,Con,Ariss,cariss7j@dagondesign.com,Male,227.235.235.167
273,Malinde,Korpal,mkorpal7k@aol.com,Female,40.250.116.64
274,Jeromy,Morfett,jmorfett7l@howstuffworks.com,Male,170.89.168.198
275,Ronalda,Shower,rshower7m@163.com,Female,14.16.72.132
276,Brenden,Sibery,bsibery7n@godaddy.com,Male,140.49.172.179
277,Elnora,Yeomans,eyeomans7o@utexas.edu,Female,187.240.159.120
278,Chaddie,Yeulet,cyeulet7p@pen.io,Genderfluid,131.70.150.61
279,Blondie,Swift,bswift7q@apple.com,Female,128.91.229.189
280,Lara,Burmingham,lburmingham7r@ycombinator.com,Female,8.182.176.129
281,Martita,Pledger,mpledger7s@amazon.de,Female,183.215.255.199
282,Jobina,Smellie,jsmellie7t@hugedomains.com,Female,137.0.90.126
283,Nathanial,Fearick,nfearick7u@yandex.ru,Male,186.52.55.218
284,Beatrice,Jereatt,bjereatt7v@pcworld.com,Female,244.166.94.213
285,Ingelbert,Bengall,ibengall7w@deviantart.com,Agender,32.92.92.97
286,Worthington,Beauchop,wbeauchop7x@sbwire.com,Male,231.142.252.8
287,Phyllida,Power,ppower7y@hugedomains.com,Non-binary,189.210.210.33
288,Marylee,Matterson,mmatterson7z@usgs.gov,Female,138.96.53.88
289,Riki,Brosh,rbrosh80@nba.com,Female,222.65.239.236
290,Reta,Linklater,rlinklater81@tiny.cc,Female,64.163.128.133
291,Shay,Happel,shappel82@tamu.edu,Female,199.163.113.150
292,Orin,Stilldale,ostilldale83@nationalgeographic.com,Male,73.254.150.199
293,Kathrine,Conaghan,kconaghan84@mapquest.com,Female,118.195.204.211
294,Zea,Gourlie,zgourlie85@360.cn,Female,206.252.114.117
295,Tandie,Clist,tclist86@twitter.com,Female,132.151.139.198
296,Ag,Bossel,abossel87@google.com,Agender,207.30.241.90
297,Ardath,Mary,amary88@miitbeian.gov.cn,Female,199.172.66.155
298,Cory,Yurukhin,cyurukhin89@naver.com,Male,125.12.191.233
299,Shelia,MacPaden,smacpaden8a@google.ca,Female,153.169.71.235
300,Angil,Gribbon,agribbon8b@msu.edu,Bigender,195.92.164.187
301,Zacharias,Prantoni,zprantoni8c@taobao.com,Male,76.56.156.36
302,Gery,Wicklin,gwicklin8d@noaa.gov,Male,66.89.49.246
303,Skip,Levings,slevings8e@nifty.com,Male,168.121.59.35
304,Yvor,Grimsditch,ygrimsditch8f@youku.com,Male,8.109.126.64
305,Amelia,Ewer,aewer8g@fastcompany.com,Female,8.37.99.201
306,Diahann,Skelington,dskelington8h@simplemachines.org,Genderqueer,92.175.232.200
307,Shelbi,Baudry,sbaudry8i@spiegel.de,Bigender,6.97.139.134
308,Allie,Jedrych,ajedrych8j@fema.gov,Male,32.10.206.59
309,Issi,Gareisr,igareisr8k@github.io,Bigender,26.43.136.172
310,Tommy,Cowherd,tcowherd8l@sfgate.com,Female,180.156.94.72
311,Conway,Shrubshall,cshrubshall8m@infoseek.co.jp,Male,188.244.22.84
312,Brose,Nadin,bnadin8n@yellowbook.com,Male,217.224.95.105
313,Ruperto,Herity,rherity8o@opera.com,Male,30.224.207.113
314,Austen,Ropartz,aropartz8p@geocities.com,Male,161.120.252.154
315,Lou,Artrick,lartrick8q@intel.com,Male,38.36.178.45
316,Kristyn,Steart,ksteart8r@altervista.org,Female,166.37.132.72
317,Hollis,Cammiemile,hcammiemile8s@bing.com,Male,82.55.81.160
318,Augustin,Frapwell,afrapwell8t@newyorker.com,Agender,190.192.142.200
319,Clark,Twatt,ctwatt8u@state.gov,Male,209.113.140.139
320,Tad,Ribbens,tribbens8v@addthis.com,Male,189.227.91.51
321,Miof mela,Coolson,mcoolson8w@mit.edu,Female,84.89.100.15
322,Joe,Haydney,jhaydney8x@nbcnews.com,Male,205.227.72.16
323,Nyssa,Phillput,nphillput8y@liveinternet.ru,Female,216.18.240.79
324,Misti,Jickells,mjickells8z@clickbank.net,Female,1.42.245.31
325,Julianna,Probyn,jprobyn90@jimdo.com,Female,229.124.7.83
326,Fowler,Blazek,fblazek91@census.gov,Male,94.31.98.71
327,Errol,Alliott,ealliott92@arstechnica.com,Male,26.59.128.165
328,Christian,Lorentz,clorentz93@imdb.com,Female,48.176.114.54
329,Ali,de Cullip,adecullip94@nbcnews.com,Male,42.152.181.50
330,Agnella,Gorstidge,agorstidge95@clickbank.net,Female,230.111.91.158
331,Whitman,Brattan,wbrattan96@abc.net.au,Male,111.224.46.131
332,Aveline,O'Murtagh,aomurtagh97@netlog.com,Female,132.165.201.98
333,Faustine,McSkeagan,fmcskeagan98@dell.com,Female,19.44.145.226
334,Jaimie,Scanlin,jscanlin99@topsy.com,Female,135.39.166.119
335,Emmey,Stainburn,estainburn9a@chronoengine.com,Polygender,41.54.151.235
336,Guenna,Glandfield,gglandfield9b@tripadvisor.com,Female,98.197.42.249
337,Elsey,Lemon,elemon9c@marketwatch.com,Genderfluid,188.194.134.25
338,Kinnie,Simao,ksimao9d@bandcamp.com,Male,194.124.239.98
339,Ignaz,Giraudo,igiraudo9e@gizmodo.com,Male,114.94.86.167
340,Carmen,Dibbs,cdibbs9f@hhs.gov,Female,26.146.227.104
341,Laurice,Geindre,lgeindre9g@spiegel.de,Female,194.12.231.199
342,Sharona,Kinningley,skinningley9h@diigo.com,Female,44.181.98.142
343,Marion,Sibthorp,msibthorp9i@about.me,Male,38.1.45.104
344,Emelina,Reubens,ereubens9j@blogtalkradio.com,Female,81.137.172.12
345,Inez,Triggol,itriggol9k@uol.com.br,Female,123.235.214.94
346,Torrence,Gallie,tgallie9l@chronoengine.com,Male,186.168.111.239
347,Zoe,Cruft,zcruft9m@yelp.com,Female,93.99.84.82
348,Una,Candelin,ucandelin9n@opera.com,Female,17.244.71.32
349,Fredrika,Andreone,fandreone9o@forbes.com,Female,100.173.220.250
350,Culver,Simenon,csimenon9p@google.ru,Male,60.146.3.137
351,Winslow,Juhruke,wjuhruke9q@bizjournals.com,Male,57.39.170.87
352,Natty,Rikard,nrikard9r@cbsnews.com,Male,202.75.56.230
353,Beryl,Coning,bconing9s@wired.com,Female,119.202.181.210
354,Zolly,Callendar,zcallendar9t@fda.gov,Male,251.95.108.54
355,Caresse,Rathborne,crathborne9u@narod.ru,Female,177.50.185.74
356,Stafani,Suddell,ssuddell9v@cyberchimps.com,Female,76.186.211.210
357,Dunstan,Ruby,druby9w@wsj.com,Male,154.84.143.30
358,Kaycee,Reiglar,kreiglar9x@google.com.au,Female,205.91.226.143
359,Dominik,Erridge,derridge9y@sciencedaily.com,Male,194.26.5.154
360,Gayel,Bonfield,gbonfield9z@bloglines.com,Female,60.78.182.149
361,Gaile,Risby,grisbya0@mapquest.com,Male,140.174.46.120
362,Eugenius,Tukesby,etukesbya1@mediafire.com,Male,250.166.36.217
363,Brett,Menichelli,bmenichellia2@livejournal.com,Female,236.37.50.253
364,Salomon,Foxcroft,sfoxcrofta3@amazon.de,Male,164.179.212.195
365,Raffarty,Stammers,rstammersa4@columbia.edu,Male,158.76.169.247
366,Virgilio,Schubuser,vschubusera5@alexa.com,Male,217.20.217.10
367,Cynde,Fosserd,cfosserda6@dot.gov,Female,183.21.196.152
368,Jaclin,Sowter,jsowtera7@woothemes.com,Bigender,14.239.19.94
369,Siegfried,Peterson,spetersona8@zdnet.com,Male,182.134.0.39
370,Rafael,Pirot,rpirota9@phoca.cz,Male,112.188.187.96
371,Korry,Driussi,kdriussiaa@nbcnews.com,Female,24.203.168.161
372,Essie,L' Estrange,elestrangeab@typepad.com,Agender,23.58.39.60
373,Richmond,Bony,rbonyac@bravesites.com,Male,89.122.72.222
374,Perrine,Hawsby,phawsbyad@seattletimes.com,Female,181.205.172.199
375,Orella,Prestney,oprestneyae@microsoft.com,Female,40.152.27.232
376,Berty,Farrear,bfarrearaf@paginegialle.it,Genderfluid,8.149.187.222
377,Vaughan,Sissens,vsissensag@reference.com,Male,247.231.130.95
378,Franklin,Appleyard,fappleyardah@army.mil,Male,111.33.231.196
379,Catarina,Sutton,csuttonai@alibaba.com,Female,41.82.209.74
380,Rodd,Jelkes,rjelkesaj@ed.gov,Genderqueer,201.6.120.41
381,Tiebold,Georg,tgeorgak@ftc.gov,Male,223.0.146.60
382,Ashly,Karpeev,akarpeeval@ovh.net,Female,230.118.140.158
383,Berty,Bleibaum,bbleibaumam@ox.ac.uk,Male,87.206.142.217
384,Sascha,Cockton,scocktonan@domainmarket.com,Male,135.61.3.105
385,Antonin,Iglesia,aiglesiaao@opensource.org,Male,135.29.164.68
386,Ibby,Reicherz,ireicherzap@skype.com,Female,120.74.106.114
387,Bethanne,Penhale,bpenhaleaq@bing.com,Female,133.121.72.54
388,Thurston,Kadar,tkadarar@hp.com,Male,172.138.187.148
389,Jesselyn,Chazotte,jchazotteas@google.cn,Non-binary,191.18.46.69
390,Silvia,Fruin,sfruinat@addthis.com,Female,189.46.15.79
391,Aurore,Penwright,apenwrightau@answers.com,Female,22.119.116.171
392,Robbyn,Casford,rcasfordav@elpais.com,Female,232.163.233.106
393,Beitris,Scally,bscallyaw@mediafire.com,Female,226.211.241.36
394,Hastie,Hindmore,hhindmoreax@yahoo.co.jp,Male,67.29.174.91
395,Mercy,Allone,malloneay@eventbrite.com,Female,233.102.77.46
396,Jessika,Gioani,jgioaniaz@printfriendly.com,Female,11.70.1.100
397,Maynard,D'eye,mdeyeb0@shinystat.com,Male,55.60.247.141
398,Clayborn,Abramzon,cabramzonb1@ocn.ne.jp,Male,223.245.185.204
399,Charlotta,Bentame,cbentameb2@spiegel.de,Genderqueer,33.16.10.79
400,Manya,Elfe,melfeb3@example.com,Genderfluid,78.69.143.250
401,Pinchas,Rawne,prawneb4@vk.com,Male,129.124.186.20
402,Marsiella,Blundell,mblundellb5@wsj.com,Female,83.140.72.142
403,Miller,Prall,mprallb6@wired.com,Male,57.66.220.93
404,Hamel,Malpass,hmalpassb7@gizmodo.com,Bigender,56.210.107.43
405,Bessie,Swatradge,bswatradgeb8@behance.net,Female,146.207.77.130
406,Linet,Tucsell,ltucsellb9@ucoz.ru,Female,129.181.3.113
407,Coriss,Vanyashin,cvanyashinba@chronoengine.com,Female,228.196.1.50
408,Min,Sawfoot,msawfootbb@wix.com,Female,232.205.248.50
409,Neils,Mathivet,nmathivetbc@sitemeter.com,Male,27.164.24.134
410,Amalee,Korlat,akorlatbd@gizmodo.com,Female,115.150.255.184
411,Dorisa,Kenworthey,dkenwortheybe@springer.com,Female,16.32.186.142
412,Raimundo,Blockey,rblockeybf@uiuc.edu,Male,170.47.148.37
413,Sibley,Osbaldstone,sosbaldstonebg@scribd.com,Female,100.100.248.239
414,Meredith,Malkin,mmalkinbh@123-reg.co.uk,Female,34.92.246.172
415,Kelcie,Pringle,kpringlebi@earthlink.net,Female,26.30.50.199
416,Waite,Wollacott,wwollacottbj@prlog.org,Male,220.191.207.127
417,Jilly,Toone,jtoonebk@kickstarter.com,Female,255.185.189.15
418,Errol,Well,ewellbl@prnewswire.com,Male,70.33.36.252
419,Ginger,Jamison,gjamisonbm@admin.ch,Male,71.49.22.34
420,Claudette,Parysiak,cparysiakbn@goo.ne.jp,Female,234.145.199.12
421,Malinde,Doncaster,mdoncasterbo@sitemeter.com,Non-binary,106.140.56.74
422,Mirilla,Hammersley,mhammersleybp@php.net,Female,60.240.50.179
423,Tedd,Bruty,tbrutybq@home.pl,Male,47.229.199.244
424,Philomena,Speares,pspearesbr@w3.org,Female,14.107.229.124
425,Elayne,Pilkington,epilkingtonbs@comsenz.com,Agender,220.251.239.238
426,Aime,Budgett,abudgettbt@bluehost.com,Female,44.74.246.105
427,Karine,Antognoni,kantognonibu@seattletimes.com,Female,86.212.11.247
428,Vittoria,Hambly,vhamblybv@ftc.gov,Female,246.231.105.18
429,Don,Gulley,dgulleybw@4shared.com,Male,211.82.234.223
430,Latisha,Yarnley,lyarnleybx@mozilla.com,Female,239.106.28.194
431,Beaufort,Di Bernardo,bdibernardoby@etsy.com,Male,107.211.127.120
432,Magda,Boland,mbolandbz@deliciousdays.com,Female,46.150.238.237
433,Dosi,Suller,dsullerc0@vistaprint.com,Female,78.88.103.60
434,Clair,Hyman,chymanc1@ezinearticles.com,Genderqueer,181.147.169.133
435,Skippy,Tinston,stinstonc2@baidu.com,Male,18.53.43.78
436,Wilton,Cater,wcaterc3@tiny.cc,Male,98.60.149.151
437,Dulcie,Wyeth,dwyethc4@xing.com,Female,11.134.48.12
438,Tammie,Bulbrook,tbulbrookc5@techcrunch.com,Female,96.99.156.68
439,Hashim,Sharp,hsharpc6@mlb.com,Male,253.72.247.152
440,Arman,Gummary,agummaryc7@dailymotion.com,Male,85.48.65.81
441,Kelli,Rizzini,krizzinic8@blogtalkradio.com,Female,23.99.240.32
442,Reginauld,Slorance,rslorancec9@ebay.com,Male,200.181.15.220
443,Broderick,Peris,bperisca@globo.com,Male,109.115.248.254
444,Darleen,Shorie,dshoriecb@ca.gov,Female,137.255.215.32
445,Winfield,Hamerton,whamertoncc@comcast.net,Bigender,44.181.200.8
446,Rachele,Lankester,rlankestercd@prnewswire.com,Female,246.197.16.6
447,Rozina,Dansie,rdansiece@bizjournals.com,Female,178.193.90.37
448,Kelsey,Dakhno,kdakhnocf@github.com,Male,129.4.156.234
449,Lawton,Leggett,lleggettcg@blogtalkradio.com,Male,35.110.149.111
450,Tobe,Ritmeyer,tritmeyerch@yahoo.co.jp,Female,161.148.213.200
451,Augusta,Westphal,awestphalci@prlog.org,Female,166.34.197.92
452,Niven,Vales,nvalescj@shinystat.com,Male,22.241.239.93
453,Dennis,Monaghan,dmonaghanck@foxnews.com,Male,247.155.223.172
454,Darill,Boays,dboayscl@state.gov,Male,109.69.243.37
455,Cheston,Wytchard,cwytchardcm@tripod.com,Male,8.85.185.91
456,Sarah,Bocking,sbockingcn@marriott.com,Female,193.78.98.108
457,Johannah,Brittin,jbrittinco@google.com.hk,Non-binary,167.114.91.153
458,Kiersten,Lowres,klowrescp@mail.ru,Female,70.86.200.252
459,Connor,Weld,cweldcq@free.fr,Male,207.32.56.235
460,Codi,Genery,cgenerycr@seattletimes.com,Non-binary,248.242.56.44
461,Estrella,Stickler,esticklercs@uol.com.br,Female,85.101.129.29
462,Reinald,De Blasiis,rdeblasiisct@comsenz.com,Male,168.196.109.155
463,Hussein,Moncrefe,hmoncrefecu@state.tx.us,Bigender,65.85.130.209
464,Celinka,Hallward,challwardcv@mapy.cz,Female,189.55.104.183
465,West,Doody,wdoodycw@ebay.co.uk,Male,162.118.185.179
466,Johannes,Sewter,jsewtercx@free.fr,Male,104.216.193.14
467,Bertina,Jordon,bjordoncy@free.fr,Female,205.91.93.148
468,Jenn,Blondin,jblondincz@amazonaws.com,Female,114.55.201.249
469,Hyman,Swaby,hswabyd0@upenn.edu,Male,17.180.129.241
470,Alanson,Doe,adoed1@about.com,Male,226.249.249.195
471,Karna,Scrooby,kscroobyd2@icq.com,Female,67.203.78.155
472,Rosaleen,Howey,rhoweyd3@admin.ch,Female,47.194.23.253
473,Eadmund,Prosh,eproshd4@goo.gl,Male,203.239.212.186
474,Alister,Chugg,achuggd5@blogtalkradio.com,Male,98.114.252.52
475,Lothaire,Broske,lbrosked6@slideshare.net,Male,219.102.218.121
476,Blakeley,Brigstock,bbrigstockd7@free.fr,Female,249.120.149.49
477,Remington,Tinson,rtinsond8@wsj.com,Male,90.19.95.239
478,Bruno,Winsom,bwinsomd9@time.com,Male,116.238.48.55
479,Germayne,Duffell,gduffellda@yahoo.com,Genderfluid,6.114.138.177
480,Gertrude,Bushell,gbushelldb@google.cn,Female,249.188.225.59
481,Winifield,Sperrett,wsperrettdc@toplist.cz,Male,153.14.220.229
482,Josh,Macilhench,jmacilhenchdd@telegraph.co.uk,Male,166.176.51.193
483,Benjamin,Korbmaker,bkorbmakerde@google.it,Male,211.16.62.228
484,Parker,Yitzhakov,pyitzhakovdf@hatena.ne.jp,Male,97.163.157.235
485,Lyell,Figgins,lfigginsdg@unc.edu,Male,164.148.15.28
486,Basile,Pinnock,bpinnockdh@china.com.cn,Male,95.43.205.24
487,Agatha,Castelletti,acastellettidi@fastcompany.com,Female,13.140.23.249
488,Bab,Radki,bradkidj@digg.com,Female,102.192.233.140
489,Madelina,Dymidowski,mdymidowskidk@latimes.com,Female,73.86.217.200
490,Domingo,Vreiberg,dvreibergdl@bloglovin.com,Male,104.217.61.46
491,Fancy,Dunnaway,fdunnawaydm@engadget.com,Female,57.205.67.104
492,Ethel,Bootyman,ebootymandn@xinhuanet.com,Female,12.85.203.143
493,Dael,Acutt,dacuttdo@phpbb.com,Female,21.153.4.236
494,Harbert,Doogan,hdoogandp@imdb.com,Male,189.113.138.69
495,Isobel,Basilio,ibasiliodq@disqus.com,Female,62.65.223.252
496,Happy,Costigan,hcostigandr@technorati.com,Female,93.228.38.30
497,Dyane,McConaghy,dmcconaghyds@w3.org,Female,56.87.82.115
498,Kissee,Grigor,kgrigordt@chicagotribune.com,Female,103.192.243.146
499,Giralda,Leindecker,gleindeckerdu@tuttocitta.it,Female,46.180.136.207
500,Collen,Blaszczak,cblaszczakdv@163.com,Female,80.81.79.54
501,Meier,Dellatorre,mdellatorredw@mail.ru,Male,135.109.58.243
502,Klarrisa,Heberden,kheberdendx@virginia.edu,Female,231.139.188.108
503,Gard,Stanfield,gstanfielddy@qq.com,Male,21.128.22.157
504,Gilles,Mangin,gmangindz@blogspot.com,Male,3.24.16.243
505,Chevalier,Niven,cnivene0@cocolog-nifty.com,Male,79.252.224.25
506,Emilio,Broadist,ebroadiste1@addthis.com,Male,239.25.84.247
507,Issie,de Glanville,ideglanvillee2@sogou.com,Female,77.19.232.211
508,Tawnya,Iddy,tiddye3@wix.com,Non-binary,48.191.143.242
509,Gayel,Ashbe,gashbee4@mlb.com,Agender,137.181.37.80
510,Stanleigh,Mulvany,smulvanye5@woothemes.com,Male,208.91.89.22
511,Robina,Spurgeon,rspurgeone6@gravatar.com,Female,7.131.72.162
512,Gale,Pendrey,gpendreye7@live.com,Female,194.68.228.46
513,Amity,Muller,amullere8@networksolutions.com,Female,85.36.49.158
514,Marsh,Hessentaler,mhessentalere9@alexa.com,Non-binary,134.12.34.108
515,Harry,Turfs,hturfsea@reuters.com,Male,98.129.209.21
516,Drusie,Peare,dpeareeb@apple.com,Female,241.72.128.231
517,Yvon,Phippen,yphippenec@w3.org,Male,81.124.82.1
518,Davide,Stearn,dstearned@diigo.com,Male,155.221.28.26
519,Ernie,Blackhall,eblackhallee@spiegel.de,Male,179.182.18.166
520,Bank,Minear,bminearef@washington.edu,Male,158.211.7.178
521,Lynnea,Kinnock,lkinnockeg@theguardian.com,Female,174.238.149.119
522,Bobby,Robins,brobinseh@macromedia.com,Male,110.204.160.57
523,Antoni,Enterle,aenterleei@ca.gov,Agender,230.36.237.56
524,Fayth,Ashenhurst,fashenhurstej@ted.com,Female,203.23.174.90
525,Rudyard,Josefer,rjoseferek@bloomberg.com,Male,243.91.31.72
526,Vonny,Wheelan,vwheelanel@ft.com,Female,66.186.148.110
527,Douglass,Mimmack,dmimmackem@bbb.org,Male,227.165.162.0
528,Felizio,Lerego,fleregoen@topsy.com,Male,5.40.42.232
529,Emlynn,Spurdens,espurdenseo@about.com,Female,64.12.70.115
530,Carson,Dell Casa,cdellcasaep@china.com.cn,Male,128.112.165.76
531,Griswold,Hawthorn,ghawthorneq@mlb.com,Male,23.195.123.3
532,Arin,Morrel,amorreler@kickstarter.com,Male,154.29.164.178
533,Geri,Kydd,gkyddes@amazonaws.com,Male,141.172.163.226
534,Tomaso,Spelling,tspellinget@upenn.edu,Male,208.240.73.52
535,Sabra,Dakers,sdakerseu@mac.com,Female,47.16.240.33
536,Dillie,Clitheroe,dclitheroeev@ucsd.edu,Male,145.113.50.251
537,Benedikta,Finch,bfinchew@amazonaws.com,Female,69.48.199.103
538,Elliot,Gariff,egariffex@reddit.com,Male,26.76.153.4
539,Flynn,Copland,fcoplandey@abc.net.au,Male,33.93.167.6
540,Hendrik,Di Carli,hdicarliez@weather.com,Male,2.223.230.56
541,Fancie,Serrier,fserrierf0@goodreads.com,Female,36.4.2.94
542,Carmencita,Drance,cdrancef1@blogs.com,Non-binary,132.64.245.95
543,Harlen,Kloster,hklosterf2@tinypic.com,Male,122.231.121.173
544,Joachim,Tressler,jtresslerf3@blogspot.com,Genderfluid,202.254.159.134
545,Tina,Rostron,trostronf4@elpais.com,Female,32.250.142.10
546,Ileane,Chrystie,ichrystief5@harvard.edu,Female,83.14.231.249
547,Hana,Rousby,hrousbyf6@hostgator.com,Female,98.10.212.21
548,Estella,Holdey,eholdeyf7@de.vu,Female,81.217.184.79
549,Nerta,Aldridge,naldridgef8@yahoo.co.jp,Female,105.117.63.77
550,Muffin,Crooks,mcrooksf9@pinterest.com,Agender,211.207.134.92
551,Stacy,Gildersleaves,sgildersleavesfa@virginia.edu,Agender,234.99.25.68
552,Buffy,Rzehor,brzehorfb@patch.com,Female,170.248.251.9
553,Burl,Stichel,bstichelfc@mlb.com,Male,99.196.235.95
554,Guglielma,Eager,geagerfd@trellian.com,Female,228.127.103.92
555,Stephanus,Bucknell,sbucknellfe@howstuffworks.com,Polygender,126.94.85.136
556,Channa,Suthworth,csuthworthff@etsy.com,Female,205.7.164.65
557,Livvy,Sheivels,lsheivelsfg@china.com.cn,Female,183.2.14.94
558,Merola,Redmayne,mredmaynefh@is.gd,Female,195.219.62.149
559,Maximilianus,Swithenby,mswithenbyfi@stanford.edu,Male,217.247.107.244
560,Ulberto,Fortnum,ufortnumfj@tinypic.com,Male,102.235.254.59
561,Tarah,Gilyott,tgilyottfk@mediafire.com,Female,26.212.51.30
562,Griswold,Bunney,gbunneyfl@foxnews.com,Male,67.88.57.212
563,Cherri,Hasell,chasellfm@taobao.com,Female,84.173.170.71
564,Ryun,Standbrook,rstandbrookfn@comsenz.com,Male,247.54.7.175
565,Alejandrina,Popham,apophamfo@alibaba.com,Female,185.147.81.67
566,Veronika,Naptin,vnaptinfp@nationalgeographic.com,Female,129.0.221.177
567,Dorelia,Garioch,dgariochfq@twitpic.com,Female,240.73.164.109
568,Gwenneth,Constanza,gconstanzafr@chron.com,Female,89.221.194.119
569,Clevey,Barling,cbarlingfs@yellowbook.com,Male,23.40.113.203
570,Gillie,Kershow,gkershowft@wufoo.com,Female,70.38.112.212
571,Putnam,McFaell,pmcfaellfu@toplist.cz,Polygender,173.218.42.56
572,Noach,Hallowes,nhallowesfv@illinois.edu,Agender,251.224.81.56
573,Ysabel,Hemms,yhemmsfw@cyberchimps.com,Genderfluid,217.8.186.131
574,Ronda,Doelle,rdoellefx@wp.com,Female,101.204.122.94
575,Andriana,Fulks,afulksfy@si.edu,Female,77.151.223.113
576,Larisa,McCreadie,lmccreadiefz@multiply.com,Female,64.197.175.52
577,Findlay,Mell,fmellg0@newyorker.com,Male,224.149.210.150
578,Jackson,Andrag,jandragg1@altervista.org,Male,161.113.141.249
579,Belita,Keynes,bkeynesg2@google.ru,Female,40.133.234.246
580,Lamont,Godspeede,lgodspeedeg3@dailymail.co.uk,Male,5.63.48.177
581,Franni,Sparkwell,fsparkwellg4@wikispaces.com,Female,150.64.222.233
582,Miller,Jermyn,mjermyng5@pbs.org,Male,165.240.151.37
583,Jo,Eixenberger,jeixenbergerg6@google.ca,Female,245.69.249.151
584,Ellissa,Uppett,euppettg7@wikispaces.com,Female,232.165.234.240
585,Cordie,Desborough,cdesboroughg8@canalblog.com,Male,241.144.199.148
586,Elie,Traite,etraiteg9@amazon.com,Female,145.72.13.95
587,Ricard,Tollerfield,rtollerfieldga@bluehost.com,Male,31.91.61.134
588,Kelley,Wintringham,kwintringhamgb@rambler.ru,Male,149.194.184.137
589,Brittan,Flannery,bflannerygc@tinyurl.com,Female,247.204.173.70
590,Orel,McCrudden,omccruddengd@nps.gov,Female,93.194.246.99
591,Jackson,Shepland,jsheplandge@hugedomains.com,Male,47.2.6.160
592,Donni,Farrey,dfarreygf@skyrock.com,Female,45.111.27.44
593,Shell,Comiam,scomiamgg@purevolume.com,Male,253.80.156.153
594,Westleigh,de Glanville,wdeglanvillegh@examiner.com,Male,137.185.185.252
595,Lev,Cambell,lcambellgi@youtu.be,Male,46.150.107.234
596,Hamnet,Sample,hsamplegj@163.com,Male,146.7.101.240
597,Delainey,Ormesher,dormeshergk@sciencedaily.com,Male,0.232.17.254
598,Clemens,Ockleshaw,cockleshawgl@lycos.com,Male,30.54.98.238
599,Nickie,Ivshin,nivshingm@alexa.com,Male,108.44.69.23
600,Leonore,Burberow,lburberowgn@ning.com,Female,118.95.174.217
601,Ola,Hallbird,ohallbirdgo@reuters.com,Female,146.66.136.174
602,Halsy,Martt,hmarttgp@indiegogo.com,Male,164.235.176.3
603,Glyn,Sarsfield,gsarsfieldgq@wordpress.com,Agender,196.115.96.145
604,Haley,Skeldinge,hskeldingegr@accuweather.com,Male,94.204.115.223
605,Oswald,Swaffer,oswaffergs@sourceforge.net,Male,138.35.216.228
606,Zenia,Worpole,zworpolegt@homestead.com,Bigender,49.42.3.196
607,Linoel,Geistbeck,lgeistbeckgu@pen.io,Male,119.43.104.136
608,Josee,Dowry,jdowrygv@angelfire.com,Female,245.193.66.174
609,Caterina,Schwant,cschwantgw@mlb.com,Female,187.223.125.163
610,Uriah,Andor,uandorgx@nba.com,Male,244.238.36.31
611,Hunt,Lerwell,hlerwellgy@wufoo.com,Male,217.57.141.110
612,Kristien,Brashier,kbrashiergz@aboutads.info,Female,68.78.0.170
613,Stephine,Labrum,slabrumh0@admin.ch,Female,85.34.78.38
614,Karolina,Buxcey,kbuxceyh1@sbwire.com,Female,36.40.219.41
615,Jackie,Wellsman,jwellsmanh2@yellowbook.com,Genderfluid,90.227.51.204
616,Edd,Daymont,edaymonth3@a8.net,Male,150.171.76.81
617,Wilek,Lightning,wlightningh4@mediafire.com,Male,67.50.150.226
618,Reuben,Rossant,rrossanth5@fc2.com,Male,75.104.196.53
619,Casandra,Hofer,choferh6@ibm.com,Female,228.71.149.57
620,Ignazio,Heys,iheysh7@photobucket.com,Male,210.222.254.222
621,Odell,Yarrell,oyarrellh8@google.fr,Male,244.47.129.34
622,Kristal,Gerhartz,kgerhartzh9@ow.ly,Female,26.10.165.161
623,Pail,Langstaff,plangstaffha@cocolog-nifty.com,Male,255.2.234.158
624,Emery,Broyd,ebroydhb@wordpress.org,Male,104.85.48.216
625,Gayelord,Parcell,gparcellhc@zdnet.com,Male,50.163.158.67
626,Courtnay,Ousby,cousbyhd@admin.ch,Female,184.27.123.85
627,Sheilah,Moss,smosshe@xinhuanet.com,Bigender,92.23.24.210
628,Mercy,Putson,mputsonhf@walmart.com,Female,27.76.177.243
629,Melisent,Tolliday,mtollidayhg@boston.com,Non-binary,85.64.236.184
630,Brittne,O'Hagerty,bohagertyhh@irs.gov,Female,107.238.132.47
631,Stan,Keming,skeminghi@noaa.gov,Male,70.173.181.180
632,Atlante,Spratley,aspratleyhj@devhub.com,Female,34.39.7.88
633,Harlin,Chasney,hchasneyhk@uiuc.edu,Male,9.44.190.3
634,Ferris,Strank,fstrankhl@hud.gov,Male,148.100.142.24
635,Melina,Craighall,mcraighallhm@discuz.net,Female,97.59.105.136
636,Wiatt,Luckcuck,wluckcuckhn@typepad.com,Male,177.90.126.26
637,Erny,Hubert,ehubertho@etsy.com,Male,49.171.137.74
638,Oran,Trott,otrotthp@taobao.com,Male,113.2.105.31
639,Kenneth,D'Cruze,kdcruzehq@360.cn,Male,113.64.2.242
640,Kelley,Dranfield,kdranfieldhr@sun.com,Male,244.98.124.200
641,Kippie,Pashen,kpashenhs@parallels.com,Female,150.175.32.157
642,Justis,Plunket,jplunketht@shutterfly.com,Male,246.98.22.52
643,Moselle,Wicklen,mwicklenhu@yandex.ru,Female,168.40.97.239
644,Rona,Wittier,rwittierhv@last.fm,Female,7.49.160.97
645,Lucio,Gurney,lgurneyhw@hhs.gov,Male,46.148.107.74
646,Pren,Montrose,pmontrosehx@joomla.org,Male,80.143.116.186
647,Lela,Devenny,ldevennyhy@woothemes.com,Female,250.179.192.182
648,Consuela,Shimoni,cshimonihz@baidu.com,Female,201.16.188.169
649,Arlena,Orritt,aorritti0@sina.com.cn,Female,123.215.251.49
650,Terri-jo,Grono,tgronoi1@webmd.com,Female,90.80.46.217
651,Hall,Gunderson,hgundersoni2@goo.gl,Male,225.217.67.86
652,Wally,Philpott,wphilpotti3@google.co.uk,Male,183.207.41.46
653,Effie,Mars,emarsi4@yandex.ru,Female,119.212.1.207
654,Svend,Silberschatz,ssilberschatzi5@nytimes.com,Male,252.61.81.17
655,Fredrika,Morphey,fmorpheyi6@jalbum.net,Female,197.59.152.218
656,Clare,Kirvin,ckirvini7@springer.com,Female,42.171.115.253
657,Hetty,Danzelman,hdanzelmani8@gov.uk,Female,32.72.99.72
658,Daniel,Champkins,dchampkinsi9@smugmug.com,Male,153.139.72.230
659,Dru,Gorwood,dgorwoodia@t-online.de,Female,45.189.154.207
660,Marlene,Inkle,minkleib@123-reg.co.uk,Female,44.45.255.63
661,Leonard,Ranby,lranbyic@mail.ru,Male,199.24.16.194
662,Ase,Fletcher,afletcherid@washingtonpost.com,Male,5.103.239.201
663,Neall,Spores,nsporesie@baidu.com,Male,242.182.99.127
664,Flin,Curd,fcurdif@ox.ac.uk,Male,160.189.228.96
665,Pearce,Hedling,phedlingig@blog.com,Male,214.106.83.24
666,Conchita,Deplacido,cdeplacidoih@yahoo.com,Female,122.217.231.14
667,Cyrill,McCurry,cmccurryii@blogger.com,Male,54.37.48.103
668,Maryl,Gershom,mgershomij@ow.ly,Female,117.93.37.7
669,Shadow,Bagot,sbagotik@aol.com,Male,112.199.56.116
670,Phaidra,De Micoli,pdemicoliil@1688.com,Female,3.126.188.90
671,Gothart,Bratt,gbrattim@skyrock.com,Male,234.223.81.255
672,Megen,Mac,mmacin@goo.ne.jp,Female,3.239.65.205
673,Any,Jesse,ajesseio@tmall.com,Male,209.122.123.41
674,Lyda,Rowston,lrowstonip@reddit.com,Female,52.7.68.9
675,Elspeth,Mummery,emummeryiq@sciencedaily.com,Female,217.199.36.139
676,Lorianne,Nardi,lnardiir@youku.com,Genderfluid,10.162.137.57
677,Irwinn,Subhan,isubhanis@wordpress.org,Male,47.111.2.70
678,Lonnie,Rabley,lrableyit@123-reg.co.uk,Male,143.97.36.3
679,Devin,Harrell,dharrelliu@1688.com,Male,186.91.137.149
680,Templeton,Conlon,tconloniv@moonfruit.com,Male,178.50.247.164
681,Marcille,Winckle,mwinckleiw@storify.com,Female,84.56.58.34
682,Gipsy,Lampaert,glampaertix@theatlantic.com,Female,141.142.198.98
683,Denver,Calcraft,dcalcraftiy@sun.com,Male,157.173.20.253
684,Mattie,Samsin,msamsiniz@paginegialle.it,Non-binary,252.62.52.66
685,Bev,Posthill,bposthillj0@webs.com,Male,33.152.28.105
686,Karin,Mettericke,kmetterickej1@alexa.com,Female,225.25.2.6
687,Zilvia,Temperley,ztemperleyj2@acquirethisname.com,Polygender,220.112.239.229
688,Korie,MacPaden,kmacpadenj3@jugem.jp,Female,70.75.77.71
689,Astrid,Wilcot,awilcotj4@uiuc.edu,Female,144.127.237.107
690,Igor,Heazel,iheazelj5@hao123.com,Male,237.121.5.81
691,Jillie,Blazej,jblazejj6@miibeian.gov.cn,Non-binary,74.150.208.130
692,Kate,Boggers,kboggersj7@themeforest.net,Female,31.19.79.133
693,Cecilio,Cossins,ccossinsj8@quantcast.com,Male,210.171.194.245
694,Alisa,Jentges,ajentgesj9@ihg.com,Female,252.137.214.238
695,Clim,Ugoletti,cugolettija@marriott.com,Male,199.19.100.253
696,Dalenna,Eyre,deyrejb@indiatimes.com,Female,136.182.16.93
697,Fern,Crilly,fcrillyjc@addtoany.com,Female,178.100.46.100
698,Carmelia,Bridgwater,cbridgwaterjd@ifeng.com,Female,186.80.66.125
699,Dag,Fevers,dfeversje@nature.com,Male,49.176.93.32
700,Jayson,Rymill,jrymilljf@cnet.com,Male,56.93.138.141
701,Bay,Rudgley,brudgleyjg@yahoo.com,Male,152.162.199.145
702,Dexter,Seres,dseresjh@apple.com,Male,222.114.75.98
703,Hadley,Sturley,hsturleyji@so-net.ne.jp,Male,166.186.54.221
704,Amber,Toopin,atoopinjj@accuweather.com,Agender,209.167.155.117
705,Terrijo,Elbourn,telbournjk@tmall.com,Female,201.0.86.115
706,Alvan,Cloney,acloneyjl@hubpages.com,Male,18.144.179.12
707,Hubert,Olsen,holsenjm@360.cn,Male,54.39.221.0
708,Tann,Greatorex,tgreatorexjn@google.ru,Male,86.99.149.137
709,Ky,Dabs,kdabsjo@google.com.br,Bigender,46.72.181.77
710,Hasty,Muddiman,hmuddimanjp@xrea.com,Male,184.109.122.201
711,Rabi,Epps,reppsjq@indiegogo.com,Male,215.187.94.188
712,Britteny,Grishunin,bgrishuninjr@paypal.com,Female,188.240.68.239
713,Lonee,Guerin,lguerinjs@mtv.com,Female,93.196.123.23
714,Cathie,Ortell,cortelljt@cpanel.net,Female,79.165.185.38
715,Ramsay,Vynoll,rvynollju@archive.org,Male,170.191.43.13
716,Charmane,Hayhurst,chayhurstjv@skyrock.com,Female,215.59.195.12
717,Gabriell,Rimour,grimourjw@pcworld.com,Female,19.216.254.240
718,Ogdon,Roddick,oroddickjx@people.com.cn,Male,34.230.132.106
719,Teddie,Linklet,tlinkletjy@aol.com,Bigender,26.64.185.203
720,Tami,Postin,tpostinjz@bbb.org,Female,154.230.249.100
721,Dee,Barizeret,dbarizeretk0@state.gov,Female,114.159.35.52
722,Iris,Pohls,ipohlsk1@studiopress.com,Female,231.103.184.123
723,Angus,Fossick,afossickk2@vistaprint.com,Male,172.112.98.6
724,Rivkah,Skains,rskainsk3@bloglines.com,Female,65.51.131.189
725,Berny,Freebury,bfreeburyk4@elpais.com,Male,58.95.135.35
726,Skipton,Rudman,srudmank5@go.com,Male,24.97.65.188
727,Hayley,Dressel,hdresselk6@mac.com,Female,76.27.74.198
728,Mariel,Althorp,malthorpk7@seesaa.net,Female,145.46.95.154
729,Ardath,Hearne,ahearnek8@ameblo.jp,Female,54.37.38.175
730,Cybill,Budget,cbudgetk9@joomla.org,Female,168.130.207.181
731,Zollie,Kapelhoff,zkapelhoffka@seattletimes.com,Male,26.221.73.104
732,Marje,Probbin,mprobbinkb@census.gov,Female,186.63.217.184
733,Gabbie,Spowage,gspowagekc@youtube.com,Male,222.240.118.29
734,Michaela,Tretwell,mtretwellkd@dedecms.com,Genderqueer,131.43.17.240
735,Launce,Avramow,lavramowke@google.com.au,Male,21.140.214.20
736,Rriocard,Rallinshaw,rrallinshawkf@arstechnica.com,Male,147.53.24.40
737,Taffy,Boskell,tboskellkg@linkedin.com,Female,7.61.226.251
738,Dayle,Gard,dgardkh@purevolume.com,Bigender,104.146.193.136
739,Dori,Androletti,dandrolettiki@163.com,Female,238.90.156.254
740,Eunice,Barrack,ebarrackkj@eventbrite.com,Female,170.83.78.194
741,Nessie,Eliff,neliffkk@ebay.com,Female,75.250.87.147
742,Hewett,Asken,haskenkl@ucoz.ru,Male,197.61.212.36
743,Mavis,Petofi,mpetofikm@cbslocal.com,Female,151.187.79.237
744,Lorry,Wysome,lwysomekn@usgs.gov,Female,71.118.183.244
745,Kingsly,Hollingsby,khollingsbyko@stanford.edu,Male,178.68.178.75
746,Tibold,Ironmonger,tironmongerkp@gmpg.org,Male,150.224.192.142
747,Inglebert,Bigrigg,ibigriggkq@xing.com,Male,239.73.118.222
748,Marrissa,Benjefield,mbenjefieldkr@mtv.com,Female,138.178.48.240
749,Frasco,Fleming,fflemingks@odnoklassniki.ru,Male,141.52.254.56
750,Adelina,Datte,adattekt@blog.com,Female,57.143.109.109
751,Verna,Elfes,velfesku@paginegialle.it,Female,57.250.78.4
752,Rochella,Flay,rflaykv@posterous.com,Female,65.130.250.24
753,Ronni,Bartrop,rbartropkw@seesaa.net,Female,218.248.32.137
754,Robbyn,Kennifeck,rkennifeckkx@altervista.org,Female,94.149.52.157
755,Bradford,Stelli,bstelliky@cbsnews.com,Male,8.210.204.231
756,Averil,Barbie,abarbiekz@shareasale.com,Male,167.4.120.239
757,Dolly,Krugmann,dkrugmannl0@dailymotion.com,Female,53.26.220.252
758,Nicholas,Shorey,nshoreyl1@alexa.com,Polygender,97.125.161.134
759,Aridatha,Harry,aharryl2@ovh.net,Female,189.99.38.148
760,Abbey,Garrould,agarrouldl3@instagram.com,Female,218.3.71.64
761,Erny,Sowten,esowtenl4@devhub.com,Male,236.205.181.98
762,Odette,Michele,omichelel5@state.tx.us,Female,240.163.95.139
763,Clary,Bartomieu,cbartomieul6@pcworld.com,Agender,13.81.130.78
764,Douglas,Calderwood,dcalderwoodl7@economist.com,Male,160.45.143.90
765,Susannah,Tarborn,starbornl8@stumbleupon.com,Female,69.1.116.49
766,Chere,Pes,cpesl9@bbc.co.uk,Female,80.146.209.180
767,Dru,Cheverell,dcheverellla@icio.us,Male,137.77.79.88
768,Ervin,Skells,eskellslb@myspace.com,Male,103.35.112.123
769,Cory,Gotfrey,cgotfreylc@qq.com,Male,167.39.233.121
770,Biron,Minihan,bminihanld@live.com,Male,7.19.253.176
771,Royall,Abramowitz,rabramowitzle@issuu.com,Male,12.70.18.138
772,Mirabel,Jenkinson,mjenkinsonlf@who.int,Female,87.13.161.224
773,Vivie,Cristofalo,vcristofalolg@wikispaces.com,Female,99.44.86.31
774,Etti,Arro,earrolh@sfgate.com,Female,55.126.58.26
775,Kiah,Harsent,kharsentli@techcrunch.com,Female,84.7.120.115
776,Dorelia,Chalcot,dchalcotlj@edublogs.org,Female,214.184.203.182
777,Ron,Kings,rkingslk@hhs.gov,Male,238.102.238.63
778,Beatriz,Callan,bcallanll@creativecommons.org,Female,244.188.158.72
779,Nikolai,Kardos-Stowe,nkardosstowelm@techcrunch.com,Genderfluid,18.71.244.102
780,Gray,Gladyer,ggladyerln@skyrock.com,Female,54.185.144.118
781,Fay,Quincey,fquinceylo@furl.net,Female,123.29.49.226
782,Dirk,Dutt,dduttlp@ocn.ne.jp,Male,154.8.162.144
783,Kiley,Gillmor,kgillmorlq@wikia.com,Male,183.21.30.65
784,Franklyn,Bygate,fbygatelr@posterous.com,Male,176.211.226.157
785,Clea,Dilliston,cdillistonls@irs.gov,Female,3.237.222.12
786,Risa,Faichney,rfaichneylt@biblegateway.com,Polygender,87.132.217.96
787,Carmine,Shorey,cshoreylu@nsw.gov.au,Male,44.43.137.196
788,Teri,Labroue,tlabrouelv@nytimes.com,Female,137.102.243.76
789,Auberon,Ruegg,aruegglw@squidoo.com,Male,89.2.168.147
790,Letty,Nesfield,lnesfieldlx@eepurl.com,Female,0.224.138.9
791,Salvador,Sunner,ssunnerly@uiuc.edu,Genderfluid,24.159.52.208
792,Emilio,Karran,ekarranlz@noaa.gov,Male,85.101.14.235
793,Jule,Dyers,jdyersm0@sun.com,Genderqueer,66.9.237.119
794,Ericha,Carrett,ecarrettm1@pbs.org,Female,123.77.145.7
795,Archaimbaud,Dashkov,adashkovm2@123-reg.co.uk,Male,146.12.51.193
796,Skippie,Carmichael,scarmichaelm3@squarespace.com,Male,136.4.147.181
797,Yehudit,Poile,ypoilem4@china.com.cn,Male,173.62.244.147
798,Janette,Klimko,jklimkom5@army.mil,Female,93.16.123.222
799,Washington,Grigorio,wgrigoriom6@yolasite.com,Genderfluid,171.63.20.192
800,Currie,Kirwan,ckirwanm7@weebly.com,Male,135.33.212.179
801,Milissent,Frier,mfrierm8@noaa.gov,Female,241.139.201.105
802,Grady,Stanney,gstanneym9@naver.com,Male,97.195.199.113
803,Kalie,Tillot,ktillotma@ucoz.ru,Female,224.237.113.223
804,Trey,Anscott,tanscottmb@mlb.com,Male,65.95.182.217
805,Carney,Mackriell,cmackriellmc@yale.edu,Genderfluid,109.104.161.145
806,Ermin,Menauteau,emenauteaumd@networkadvertising.org,Male,223.157.90.155
807,Dorian,Varcoe,dvarcoeme@soup.io,Male,184.245.161.207
808,Heddie,Sempill,hsempillmf@dion.ne.jp,Female,193.141.38.175
809,Stafford,Pawlick,spawlickmg@soup.io,Male,83.93.214.94
810,Neron,Sime,nsimemh@ca.gov,Male,55.102.60.221
811,Moina,Palliser,mpallisermi@usgs.gov,Female,169.219.114.91
812,Ethelind,Lorait,eloraitmj@tiny.cc,Genderqueer,153.18.62.126
813,Claire,Triswell,ctriswellmk@bandcamp.com,Male,65.94.8.75
814,Tresa,Alleyne,talleyneml@dmoz.org,Female,143.200.213.230
815,Lacie,Dobell,ldobellmm@i2i.jp,Female,120.31.8.110
816,Lorita,Scrauniage,lscrauniagemn@1688.com,Polygender,185.166.5.112
817,Morrie,Cargen,mcargenmo@businessweek.com,Male,221.136.190.48
818,Julieta,Cattenach,jcattenachmp@shinystat.com,Female,232.119.181.94
819,Britteny,Warret,bwarretmq@blogtalkradio.com,Female,76.16.180.139
820,Dal,Clixby,dclixbymr@linkedin.com,Male,59.89.4.73
821,Raphael,Kiltie,rkiltiems@odnoklassniki.ru,Male,146.70.154.90
822,Dale,Biggans,dbiggansmt@purevolume.com,Male,253.63.254.230
823,Margi,Ells,mellsmu@google.com.hk,Female,52.98.249.124
824,Connie,Vokins,cvokinsmv@whitehouse.gov,Male,232.250.37.141
825,Sophi,Daughton,sdaughtonmw@princeton.edu,Female,141.253.204.89
826,Fidole,Aulds,fauldsmx@icio.us,Male,77.42.27.123
827,Florry,Bachanski,fbachanskimy@fda.gov,Genderqueer,108.224.225.164
828,Junette,Coushe,jcoushemz@bizjournals.com,Female,137.27.233.91
829,Kass,Turfes,kturfesn0@toplist.cz,Female,17.16.93.232
830,Peggy,Alenichicov,palenichicovn1@usda.gov,Female,232.58.24.147
831,Verile,Mackerness,vmackernessn2@admin.ch,Female,206.136.178.33
832,Adrienne,Guiver,aguivern3@dailymail.co.uk,Female,228.221.166.28
833,Laney,Barritt,lbarrittn4@theguardian.com,Female,168.128.182.19
834,Rickard,Ebbles,rebblesn5@cdbaby.com,Male,74.99.20.209
835,Stanislaus,Larroway,slarrowayn6@prweb.com,Male,136.14.23.159
836,Jordan,Nana,jnanan7@china.com.cn,Male,149.199.207.105
837,Chariot,Gerred,cgerredn8@cnet.com,Male,7.172.206.177
838,Win,Destouche,wdestouchen9@youku.com,Male,34.252.85.5
839,Katharina,Wilsone,kwilsonena@earthlink.net,Female,201.209.11.23
840,Aldin,Kamiyama,akamiyamanb@google.it,Male,204.107.20.10
841,Helene,MacPaik,hmacpaiknc@wordpress.org,Female,142.189.168.108
842,Alvinia,Boxill,aboxillnd@furl.net,Female,59.219.136.29
843,Duff,Rivalland,drivallandne@sina.com.cn,Genderqueer,220.230.237.187
844,Abelard,Gaylord,agaylordnf@hhs.gov,Male,234.59.206.218
845,Kingsley,Bearns,kbearnsng@timesonline.co.uk,Male,180.213.155.99
846,Noellyn,De Robertis,nderobertisnh@etsy.com,Female,195.212.86.123
847,Kass,Breitler,kbreitlerni@sakura.ne.jp,Female,170.57.201.10
848,Francyne,Folkard,ffolkardnj@columbia.edu,Female,172.174.97.56
849,Gearalt,Powles,gpowlesnk@mapquest.com,Male,196.8.214.253
850,Rodrique,Faragan,rfaragannl@nbcnews.com,Male,249.34.96.250
851,Katinka,Graith,kgraithnm@dailymail.co.uk,Female,4.47.49.155
852,Cassandre,Bilfoot,cbilfootnn@tuttocitta.it,Female,48.178.135.247
853,Sibeal,Mandifield,smandifieldno@mac.com,Female,188.154.237.17
854,Fiorenze,Harmour,fharmournp@blogger.com,Genderqueer,233.10.77.91
855,Lesly,Elbourn,lelbournnq@google.nl,Agender,35.5.242.244
856,Glenine,Sawney,gsawneynr@moonfruit.com,Female,249.2.202.147
857,Eunice,Robillart,erobillartns@qq.com,Female,113.211.226.65
858,Alejandro,Bresman,abresmannt@fastcompany.com,Male,73.133.198.244
859,Aldric,Arnholtz,aarnholtznu@howstuffworks.com,Male,60.84.56.246
860,Liam,Mitchall,lmitchallnv@diigo.com,Male,170.175.100.195
861,Lucio,Malpas,lmalpasnw@hexun.com,Non-binary,170.136.132.207
862,Shane,Rivelin,srivelinnx@addthis.com,Male,140.199.11.181
863,Cami,Bellamy,cbellamyny@globo.com,Female,32.170.7.171
864,Chris,Tewes,ctewesnz@si.edu,Male,211.191.98.42
865,Clio,Braybrook,cbraybrooko0@clickbank.net,Female,57.56.122.162
866,Jenelle,Ferreri,jferrerio1@timesonline.co.uk,Female,251.146.220.189
867,Clotilda,Aspland,casplando2@answers.com,Female,39.106.142.163
868,Garth,Fox,gfoxo3@ucoz.ru,Polygender,53.66.114.53
869,Worthy,Dwire,wdwireo4@noaa.gov,Male,209.42.241.95
870,Carmella,Nizet,cnizeto5@java.com,Female,70.176.119.152
871,Olva,Hanscome,ohanscomeo6@state.tx.us,Bigender,79.187.250.78
872,Mariya,Comberbeach,mcomberbeacho7@noaa.gov,Female,93.254.131.95
873,Kelsey,Gymlett,kgymletto8@webmd.com,Male,220.32.183.84
874,Emogene,MacHarg,emachargo9@dailymotion.com,Female,241.239.118.118
875,Hildagarde,Sings,hsingsoa@marketwatch.com,Female,227.224.190.65
876,Will,Fourcade,wfourcadeob@jiathis.com,Male,205.151.100.237
877,Blair,Jonas,bjonasoc@sbwire.com,Agender,154.75.9.46
878,Jamie,Stennings,jstenningsod@list-manage.com,Male,38.178.148.49
879,Isadora,Satterley,isatterleyoe@bluehost.com,Female,193.77.220.176
880,Gunilla,Attarge,gattargeof@oracle.com,Female,189.234.254.183
881,Linnea,Speedy,lspeedyog@imgur.com,Female,22.151.174.230
882,Carina,Gasson,cgassonoh@narod.ru,Female,231.48.170.143
883,Roselia,Maltster,rmaltsteroi@springer.com,Female,145.153.74.253
884,Erskine,Wallsworth,ewallsworthoj@state.gov,Male,100.54.188.156
885,Keelby,Jamison,kjamisonok@columbia.edu,Male,205.23.254.226
886,Gabriel,Dempster,gdempsterol@indiatimes.com,Male,119.130.19.136
887,Berne,Renahan,brenahanom@about.me,Male,167.213.151.52
888,Deni,Bruyns,dbruynson@sphinn.com,Female,228.163.27.123
889,Timi,Dackombe,tdackombeoo@bandcamp.com,Agender,62.135.188.55
890,Ave,Hallifax,ahallifaxop@mediafire.com,Male,158.219.165.210
891,Danny,Sapson,dsapsonoq@google.fr,Female,121.166.4.8
892,Franciskus,McCormick,fmccormickor@i2i.jp,Male,159.36.57.9
893,Lem,Gascone,lgasconeos@dell.com,Male,139.100.187.222
894,Reinhard,Rosser,rrosserot@dion.ne.jp,Male,61.130.210.26
895,Clement,Edgerly,cedgerlyou@ed.gov,Male,169.114.2.121
896,Lenette,Duchant,lduchantov@printfriendly.com,Female,30.53.17.101
897,Penrod,Rubinchik,prubinchikow@dmoz.org,Male,126.90.215.229
898,Arnold,Segrave,asegraveox@google.fr,Male,161.138.219.56
899,Tiphani,Villa,tvillaoy@fotki.com,Female,152.82.217.52
900,Leticia,Shakeshaft,lshakeshaftoz@sbwire.com,Female,207.53.233.5
901,Joceline,Stolworthy,jstolworthyp0@time.com,Non-binary,69.6.163.104
902,Nancee,Beadell,nbeadellp1@bigcartel.com,Female,247.41.126.162
903,Isador,Trimnell,itrimnellp2@t.co,Male,243.146.250.203
904,Gil,Cosgrive,gcosgrivep3@so-net.ne.jp,Male,33.68.216.152
905,Noah,Golder,ngolderp4@bizjournals.com,Male,67.22.61.159
906,Xaviera,McKague,xmckaguep5@studiopress.com,Female,94.248.216.192
907,Yuri,Klemke,yklemkep6@cdc.gov,Male,129.207.48.19
908,Gracie,Troyes,gtroyesp7@goodreads.com,Genderqueer,236.60.7.140
909,Alonzo,Alywen,aalywenp8@ask.com,Male,180.234.255.36
910,Philip,Lammerts,plammertsp9@bandcamp.com,Male,12.239.181.212
911,Therine,Gladwin,tgladwinpa@over-blog.com,Female,209.133.14.0
912,Cammie,Varah,cvarahpb@moonfruit.com,Agender,133.254.103.157
913,Hi,Sutliff,hsutliffpc@sitemeter.com,Male,185.241.69.235
914,Findley,Copcutt,fcopcuttpd@techcrunch.com,Male,122.40.248.131
915,Liam,Buchett,lbuchettpe@weibo.com,Male,158.109.33.26
916,Adria,Marshal,amarshalpf@webeden.co.uk,Female,177.66.176.22
917,Abrahan,Balfour,abalfourpg@miitbeian.gov.cn,Polygender,15.150.59.235
918,Timotheus,Lively,tlivelyph@dagondesign.com,Male,165.204.75.170
919,Tannie,Peres,tperespi@msu.edu,Male,236.16.42.146
920,Heather,Flatt,hflattpj@umn.edu,Female,13.62.193.56
921,Elissa,Lafay,elafaypk@rediff.com,Female,52.199.205.174
922,North,Asman,nasmanpl@spiegel.de,Male,88.208.76.245
923,Loria,Buttel,lbuttelpm@bizjournals.com,Female,69.251.235.189
924,Chas,Gobel,cgobelpn@digg.com,Male,76.28.132.141
925,Imojean,Farryan,ifarryanpo@tinypic.com,Female,15.219.115.124
926,Harlie,Dawley,hdawleypp@nps.gov,Female,78.237.150.5
927,Tedd,Ritmeyer,tritmeyerpq@ask.com,Male,147.188.31.217
928,Brodie,Emma,bemmapr@state.gov,Male,188.116.38.190
929,Biron,Bispham,bbisphamps@wordpress.org,Male,254.216.45.103
930,Harriot,Berrie,hberriept@umn.edu,Female,203.253.94.226
931,Waverley,Cowtherd,wcowtherdpu@gravatar.com,Male,226.129.200.29
932,Fair,Caser,fcaserpv@ihg.com,Male,175.73.4.94
933,Candy,Sayles,csaylespw@harvard.edu,Female,201.250.11.100
934,Kerr,Fennessy,kfennessypx@who.int,Male,166.217.8.229
935,Pamella,McGuinness,pmcguinnesspy@blog.com,Female,136.170.242.233
936,Duke,Spridgeon,dspridgeonpz@alibaba.com,Male,23.166.147.238
937,Sauveur,Rawlings,srawlingsq0@mtv.com,Male,127.197.64.152
938,Carol,Heddan,cheddanq1@gravatar.com,Female,59.110.223.214
939,Jyoti,Chattey,jchatteyq2@slideshare.net,Female,86.14.52.67
940,Uri,Monro,umonroq3@digg.com,Male,40.7.5.92
941,Grace,Measor,gmeasorq4@ustream.tv,Male,188.227.130.54
942,Alvin,Woodgate,awoodgateq5@geocities.com,Male,224.238.151.96
943,Maureen,Abdon,mabdonq6@storify.com,Genderqueer,156.250.121.223
944,Alphonse,Drewry,adrewryq7@tmall.com,Male,19.70.35.159
945,Libby,Wimmers,lwimmersq8@nature.com,Genderqueer,139.214.99.75
946,Randolf,Deeley,rdeeleyq9@people.com.cn,Male,198.254.161.76
947,Sol,Marlor,smarlorqa@cdc.gov,Male,19.40.98.42
948,Trey,Hedylstone,thedylstoneqb@geocities.jp,Male,80.99.218.72
949,Abigale,Archbutt,aarchbuttqc@dion.ne.jp,Female,13.231.184.190
950,Felicia,Cicconetti,fcicconettiqd@latimes.com,Female,197.6.59.28
951,Allianora,Belk,abelkqe@ifeng.com,Female,245.17.16.145
952,Janith,Jannequin,jjannequinqf@berkeley.edu,Female,147.173.109.157
953,Sabra,Rowaszkiewicz,srowaszkiewiczqg@state.gov,Female,169.48.185.47
954,Lenora,Butchard,lbutchardqh@foxnews.com,Female,64.63.117.241
955,Osbourn,Dekeyser,odekeyserqi@springer.com,Male,142.86.103.197
956,Kyle,Tourle,ktourleqj@i2i.jp,Male,69.100.216.52
957,Alissa,Garred,agarredqk@wired.com,Female,211.106.77.206
958,Barth,Setter,bsetterql@noaa.gov,Male,1.137.122.57
959,Codi,Gallier,cgallierqm@irs.gov,Male,251.198.61.110
960,Shannen,Humpherston,shumpherstonqn@newyorker.com,Female,12.165.168.91
961,Rodney,Bertolin,rbertolinqo@seesaa.net,Male,183.112.193.37
962,Nigel,Lusgdin,nlusgdinqp@merriam-webster.com,Male,228.157.24.246
963,Ulrica,Plait,uplaitqq@oakley.com,Female,181.1.182.161
964,George,Pulbrook,gpulbrookqr@odnoklassniki.ru,Male,87.140.254.230
965,Deb,Mabley,dmableyqs@virginia.edu,Female,83.109.230.3
966,Val,Swinbourne,vswinbourneqt@sun.com,Female,195.50.65.208
967,Eberhard,Upston,eupstonqu@foxnews.com,Male,55.12.27.230
968,Margeaux,Crommett,mcrommettqv@illinois.edu,Female,55.116.160.20
969,De,Aberdalgy,daberdalgyqw@ox.ac.uk,Female,240.9.59.215
970,Jermain,Lacheze,jlachezeqx@sakura.ne.jp,Male,173.102.55.15
971,Paul,Carwithim,pcarwithimqy@lycos.com,Male,171.206.229.144
972,Thorsten,Crowthe,tcrowtheqz@slideshare.net,Male,78.246.250.63
973,Zedekiah,Joynes,zjoynesr0@forbes.com,Male,21.93.82.71
974,Jory,Rozenzweig,jrozenzweigr1@wiley.com,Male,68.71.48.229
975,Siouxie,Zimmer,szimmerr2@themeforest.net,Female,201.148.84.134
976,Debbie,Mannakee,dmannakeer3@go.com,Female,255.197.61.177
977,Gardener,Hinemoor,ghinemoorr4@mtv.com,Male,177.81.178.65
978,Hedy,Matton,hmattonr5@guardian.co.uk,Female,150.93.176.112
979,Caitrin,McKomb,cmckombr6@apache.org,Female,153.245.58.199
980,Arther,Wheowall,awheowallr7@gmpg.org,Male,101.130.177.83
981,Moses,Meadley,mmeadleyr8@bravesites.com,Male,44.179.103.76
982,Reilly,Cable,rcabler9@parallels.com,Male,150.62.19.58
983,Jonathan,Danet,jdanetra@home.pl,Male,102.236.84.30
984,Minny,Braven,mbravenrb@mac.com,Female,87.99.60.79
985,Barbie,Goulborn,bgoulbornrc@columbia.edu,Non-binary,8.42.211.106
986,Rickie,Jerdein,rjerdeinrd@booking.com,Male,2.149.125.141
987,Prinz,Denizet,pdenizetre@gov.uk,Male,122.119.80.36
988,Yardley,Goulstone,ygoulstonerf@hp.com,Male,163.91.248.29
989,Elena,Pawson,epawsonrg@freewebs.com,Female,230.178.17.53
990,Barnaby,Stafford,bstaffordrh@npr.org,Male,178.157.1.53
991,Xena,Ivanchov,xivanchovri@mail.ru,Female,59.41.71.226
992,Elton,Beckinsale,ebeckinsalerj@bigcartel.com,Male,126.157.87.73
993,Miles,Cristol,mcristolrk@accuweather.com,Male,172.147.190.172
994,Kamillah,Buyers,kbuyersrl@narod.ru,Female,176.180.81.92
995,Lorry,Antram,lantramrm@cloudflare.com,Agender,129.234.34.120
996,Kariotta,Petty,kpettyrn@tiny.cc,Female,86.181.149.230
997,Ranique,Flanders,rflandersro@cnn.com,Female,110.187.178.121
998,Jakie,Attride,jattriderp@networksolutions.com,Male,142.228.133.17
999,Elwyn,Wybourne,ewybournerq@imdb.com,Male,39.65.242.102
1000,Jesse,Cicchillo,jcicchillorr@economist.com,Female,132.237.109.216
